{
  "version": "0.0.1",
  "annotation_definitions": [
    {
      "id": "f9f22e05-443f-4602-a422-ebe4ea9b55cb",
      "name": "bounding box",
      "description": "Bounding box for each labeled object visible to the sensor",
      "format": "json",
      "spec": [
        {
          "label_id": 1,
          "label_name": "cereal_cheerios_honeynut"
        },
        {
          "label_id": 2,
          "label_name": "craft_yarn_caron_01"
        },
        {
          "label_id": 3,
          "label_name": "drink_whippingcream_lucerne"
        },
        {
          "label_id": 4,
          "label_name": "pasta_lasagne_barilla"
        },
        {
          "label_id": 5,
          "label_name": "cleaning_snuggle_henkel"
        },
        {
          "label_id": 6,
          "label_name": "candy_minipralines_lindt"
        },
        {
          "label_id": 7,
          "label_name": "snack_granolabar_naturevalley"
        },
        {
          "label_id": 8,
          "label_name": "lotion_essentially_nivea"
        },
        {
          "label_id": 9,
          "label_name": "snack_biscotti_ghiott_01"
        },
        {
          "label_id": 10,
          "label_name": "drink_greentea_itoen"
        }
      ]
    },
    {
      "id": "12f94d8d-5425-4deb-9b21-5e53ad957d66",
      "name": "semantic segmentation",
      "description": "pixel-wise semantic segmentation label",
      "format": "PNG",
      "spec": [
        {
          "label_name": "cereal_cheerios_honeynut",
          "pixel_value": {
            "r": 0.0,
            "g": 0.0,
            "b": 1.0,
            "a": 1.0
          }
        },
        {
          "label_name": "craft_yarn_caron_01",
          "pixel_value": {
            "r": 0.0,
            "g": 1.0,
            "b": 0.0,
            "a": 1.0
          }
        },
        {
          "label_name": "drink_whippingcream_lucerne",
          "pixel_value": {
            "r": 1.0,
            "g": 0.0,
            "b": 0.0,
            "a": 1.0
          }
        },
        {
          "label_name": "pasta_lasagne_barilla",
          "pixel_value": {
            "r": 1.0,
            "g": 1.0,
            "b": 1.0,
            "a": 1.0
          }
        },
        {
          "label_name": "cleaning_snuggle_henkel",
          "pixel_value": {
            "r": 1.0,
            "g": 0.92156863212585449,
            "b": 0.015686275437474251,
            "a": 1.0
          }
        },
        {
          "label_name": "candy_minipralines_lindt",
          "pixel_value": {
            "r": 0.5,
            "g": 0.5,
            "b": 0.5,
            "a": 1.0
          }
        },
        {
          "label_name": "snack_granolabar_naturevalley",
          "pixel_value": {
            "r": 1.0,
            "g": 0.77795660495758057,
            "b": 0.4271622896194458,
            "a": 1.0
          }
        },
        {
          "label_name": "lotion_essentially_nivea",
          "pixel_value": {
            "r": 0.39651340246200562,
            "g": 1.0,
            "b": 0.88897573947906494,
            "a": 1.0
          }
        },
        {
          "label_name": "snack_biscotti_ghiott_01",
          "pixel_value": {
            "r": 0.285408079624176,
            "g": 0.035002171993255615,
            "b": 1.0,
            "a": 1.0
          }
        },
        {
          "label_name": "drink_greentea_itoen",
          "pixel_value": {
            "r": 0.46759623289108276,
            "g": 1.0,
            "b": 0.27106976509094238,
            "a": 1.0
          }
        }
      ]
    }
  ]
}