{"info": {"year": "2021", "date_created": "2021-10-09 18:55:31.374159", "version": "1.0", "contributor": "lessw2020", "url": "https://github.com/lessw2020/perception_tools"}, "licenses": [], "categories": [{"id": 1, "name": "cereal_cheerios_honeynut", "supercategory": "rdt"}, {"id": 2, "name": "craft_yarn_caron_01", "supercategory": "rdt"}, {"id": 3, "name": "drink_whippingcream_lucerne", "supercategory": "rdt"}, {"id": 4, "name": "pasta_lasagne_barilla", "supercategory": "rdt"}, {"id": 5, "name": "cleaning_snuggle_henkel", "supercategory": "rdt"}, {"id": 6, "name": "candy_minipralines_lindt", "supercategory": "rdt"}, {"id": 7, "name": "snack_granolabar_naturevalley", "supercategory": "rdt"}, {"id": 8, "name": "lotion_essentially_nivea", "supercategory": "rdt"}, {"id": 9, "name": "snack_biscotti_ghiott_01", "supercategory": "rdt"}, {"id": 10, "name": "drink_greentea_itoen", "supercategory": "rdt"}], "images": [{"id": 0, "width": 1024, "height": 768, "filename": "rgb_2.png", "license": null, "flickr_url": "", "coco_url": "", "date_captured": "0:00"}, {"id": 1, "width": 1024, "height": 768, "filename": "rgb_3.png", "license": null, "flickr_url": "", "coco_url": "", "date_captured": "0:00"}, {"id": 2, "width": 1024, "height": 768, "filename": "rgb_4.png", "license": null, "flickr_url": "", "coco_url": "", "date_captured": "0:00"}, {"id": 3, "width": 1024, "height": 768, "filename": "rgb_5.png", "license": null, "flickr_url": "", "coco_url": "", "date_captured": "0:00"}, {"id": 4, "width": 1024, "height": 768, "filename": "rgb_6.png", "license": null, "flickr_url": "", "coco_url": "", "date_captured": "0:00"}, {"id": 5, "width": 1024, "height": 768, "filename": "rgb_7.png", "license": null, "flickr_url": "", "coco_url": "", "date_captured": "0:00"}, {"id": 6, "width": 1024, "height": 768, "filename": "rgb_8.png", "license": null, "flickr_url": "", "coco_url": "", "date_captured": "0:00"}, {"id": 7, "width": 1024, "height": 768, "filename": "rgb_9.png", "license": null, "flickr_url": "", "coco_url": "", "date_captured": "0:00"}, {"id": 8, "width": 1024, "height": 768, "filename": "rgb_10.png", "license": null, "flickr_url": "", "coco_url": "", "date_captured": "0:00"}, {"id": 9, "width": 1024, "height": 768, "filename": "rgb_11.png", "license": null, "flickr_url": "", "coco_url": "", "date_captured": "0:00"}, {"id": 10, "width": 1024, "height": 768, "filename": "rgb_12.png", "license": null, "flickr_url": "", "coco_url": "", "date_captured": "0:00"}, {"id": 11, "width": 1024, "height": 768, "filename": "rgb_13.png", "license": null, "flickr_url": "", "coco_url": "", "date_captured": "0:00"}, {"id": 12, "width": 1024, "height": 768, "filename": "rgb_14.png", "license": null, "flickr_url": "", "coco_url": "", "date_captured": "0:00"}, {"id": 13, "width": 1024, "height": 768, "filename": "rgb_15.png", "license": null, "flickr_url": "", "coco_url": "", "date_captured": "0:00"}, {"id": 14, "width": 1024, "height": 768, "filename": "rgb_16.png", "license": null, "flickr_url": "", "coco_url": "", "date_captured": "0:00"}, {"id": 15, "width": 1024, "height": 768, "filename": "rgb_17.png", "license": null, "flickr_url": "", "coco_url": "", "date_captured": "0:00"}, {"id": 16, "width": 1024, "height": 768, "filename": "rgb_18.png", "license": null, "flickr_url": "", "coco_url": "", "date_captured": "0:00"}, {"id": 17, "width": 1024, "height": 768, "filename": "rgb_19.png", "license": null, "flickr_url": "", "coco_url": "", "date_captured": "0:00"}, {"id": 18, "width": 1024, "height": 768, "filename": "rgb_20.png", "license": null, "flickr_url": "", "coco_url": "", "date_captured": "0:00"}, {"id": 19, "width": 1024, "height": 768, "filename": "rgb_21.png", "license": null, "flickr_url": "", "coco_url": "", "date_captured": "0:00"}, {"id": 20, "width": 1024, "height": 768, "filename": "rgb_22.png", "license": null, "flickr_url": "", "coco_url": "", "date_captured": "0:00"}, {"id": 21, "width": 1024, "height": 768, "filename": "rgb_23.png", "license": null, "flickr_url": "", "coco_url": "", "date_captured": "0:00"}, {"id": 22, "width": 1024, "height": 768, "filename": "rgb_24.png", "license": null, "flickr_url": "", "coco_url": "", "date_captured": "0:00"}, {"id": 23, "width": 1024, "height": 768, "filename": "rgb_25.png", "license": null, "flickr_url": "", "coco_url": "", "date_captured": "0:00"}, {"id": 24, "width": 1024, "height": 768, "filename": "rgb_26.png", "license": null, "flickr_url": "", "coco_url": "", "date_captured": "0:00"}, {"id": 25, "width": 1024, "height": 768, "filename": "rgb_27.png", "license": null, "flickr_url": "", "coco_url": "", "date_captured": "0:00"}, {"id": 26, "width": 1024, "height": 768, "filename": "rgb_28.png", "license": null, "flickr_url": "", "coco_url": "", "date_captured": "0:00"}, {"id": 27, "width": 1024, "height": 768, "filename": "rgb_29.png", "license": null, "flickr_url": "", "coco_url": "", "date_captured": "0:00"}, {"id": 28, "width": 1024, "height": 768, "filename": "rgb_30.png", "license": null, "flickr_url": "", "coco_url": "", "date_captured": "0:00"}, {"id": 29, "width": 1024, "height": 768, "filename": "rgb_31.png", "license": null, "flickr_url": "", "coco_url": "", "date_captured": "0:00"}, {"id": 30, "width": 1024, "height": 768, "filename": "rgb_32.png", "license": null, "flickr_url": "", "coco_url": "", "date_captured": "0:00"}, {"id": 31, "width": 1024, "height": 768, "filename": "rgb_33.png", "license": null, "flickr_url": "", "coco_url": "", "date_captured": "0:00"}, {"id": 32, "width": 1024, "height": 768, "filename": "rgb_34.png", "license": null, "flickr_url": "", "coco_url": "", "date_captured": "0:00"}, {"id": 33, "width": 1024, "height": 768, "filename": "rgb_35.png", "license": null, "flickr_url": "", "coco_url": "", "date_captured": "0:00"}, {"id": 34, "width": 1024, "height": 768, "filename": "rgb_36.png", "license": null, "flickr_url": "", "coco_url": "", "date_captured": "0:00"}, {"id": 35, "width": 1024, "height": 768, "filename": "rgb_37.png", "license": null, "flickr_url": "", "coco_url": "", "date_captured": "0:00"}, {"id": 36, "width": 1024, "height": 768, "filename": "rgb_38.png", "license": null, "flickr_url": "", "coco_url": "", "date_captured": "0:00"}, {"id": 37, "width": 1024, "height": 768, "filename": "rgb_39.png", "license": null, "flickr_url": "", "coco_url": "", "date_captured": "0:00"}, {"id": 38, "width": 1024, "height": 768, "filename": "rgb_40.png", "license": null, "flickr_url": "", "coco_url": "", "date_captured": "0:00"}, {"id": 39, "width": 1024, "height": 768, "filename": "rgb_41.png", "license": null, "flickr_url": "", "coco_url": "", "date_captured": "0:00"}, {"id": 40, "width": 1024, "height": 768, "filename": "rgb_42.png", "license": null, "flickr_url": "", "coco_url": "", "date_captured": "0:00"}, {"id": 41, "width": 1024, "height": 768, "filename": "rgb_43.png", "license": null, "flickr_url": "", "coco_url": "", "date_captured": "0:00"}, {"id": 42, "width": 1024, "height": 768, "filename": "rgb_44.png", "license": null, "flickr_url": "", "coco_url": "", "date_captured": "0:00"}, {"id": 43, "width": 1024, "height": 768, "filename": "rgb_45.png", "license": null, "flickr_url": "", "coco_url": "", "date_captured": "0:00"}, {"id": 44, "width": 1024, "height": 768, "filename": "rgb_46.png", "license": null, "flickr_url": "", "coco_url": "", "date_captured": "0:00"}, {"id": 45, "width": 1024, "height": 768, "filename": "rgb_47.png", "license": null, "flickr_url": "", "coco_url": "", "date_captured": "0:00"}, {"id": 46, "width": 1024, "height": 768, "filename": "rgb_48.png", "license": null, "flickr_url": "", "coco_url": "", "date_captured": "0:00"}, {"id": 47, "width": 1024, "height": 768, "filename": "rgb_49.png", "license": null, "flickr_url": "", "coco_url": "", "date_captured": "0:00"}, {"id": 48, "width": 1024, "height": 768, "filename": "rgb_50.png", "license": null, "flickr_url": "", "coco_url": "", "date_captured": "0:00"}, {"id": 49, "width": 1024, "height": 768, "filename": "rgb_51.png", "license": null, "flickr_url": "", "coco_url": "", "date_captured": "0:00"}, {"id": 50, "width": 1024, "height": 768, "filename": "rgb_52.png", "license": null, "flickr_url": "", "coco_url": "", "date_captured": "0:00"}, {"id": 51, "width": 1024, "height": 768, "filename": "rgb_53.png", "license": null, "flickr_url": "", "coco_url": "", "date_captured": "0:00"}, {"id": 52, "width": 1024, "height": 768, "filename": "rgb_54.png", "license": null, "flickr_url": "", "coco_url": "", "date_captured": "0:00"}, {"id": 53, "width": 1024, "height": 768, "filename": "rgb_55.png", "license": null, "flickr_url": "", "coco_url": "", "date_captured": "0:00"}, {"id": 54, "width": 1024, "height": 768, "filename": "rgb_56.png", "license": null, "flickr_url": "", "coco_url": "", "date_captured": "0:00"}, {"id": 55, "width": 1024, "height": 768, "filename": "rgb_57.png", "license": null, "flickr_url": "", "coco_url": "", "date_captured": "0:00"}, {"id": 56, "width": 1024, "height": 768, "filename": "rgb_58.png", "license": null, "flickr_url": "", "coco_url": "", "date_captured": "0:00"}, {"id": 57, "width": 1024, "height": 768, "filename": "rgb_59.png", "license": null, "flickr_url": "", "coco_url": "", "date_captured": "0:00"}, {"id": 58, "width": 1024, "height": 768, "filename": "rgb_60.png", "license": null, "flickr_url": "", "coco_url": "", "date_captured": "0:00"}, {"id": 59, "width": 1024, "height": 768, "filename": "rgb_61.png", "license": null, "flickr_url": "", "coco_url": "", "date_captured": "0:00"}, {"id": 60, "width": 1024, "height": 768, "filename": "rgb_62.png", "license": null, "flickr_url": "", "coco_url": "", "date_captured": "0:00"}, {"id": 61, "width": 1024, "height": 768, "filename": "rgb_63.png", "license": null, "flickr_url": "", "coco_url": "", "date_captured": "0:00"}, {"id": 62, "width": 1024, "height": 768, "filename": "rgb_64.png", "license": null, "flickr_url": "", "coco_url": "", "date_captured": "0:00"}, {"id": 63, "width": 1024, "height": 768, "filename": "rgb_65.png", "license": null, "flickr_url": "", "coco_url": "", "date_captured": "0:00"}, {"id": 64, "width": 1024, "height": 768, "filename": "rgb_66.png", "license": null, "flickr_url": "", "coco_url": "", "date_captured": "0:00"}, {"id": 65, "width": 1024, "height": 768, "filename": "rgb_67.png", "license": null, "flickr_url": "", "coco_url": "", "date_captured": "0:00"}, {"id": 66, "width": 1024, "height": 768, "filename": "rgb_68.png", "license": null, "flickr_url": "", "coco_url": "", "date_captured": "0:00"}, {"id": 67, "width": 1024, "height": 768, "filename": "rgb_69.png", "license": null, "flickr_url": "", "coco_url": "", "date_captured": "0:00"}, {"id": 68, "width": 1024, "height": 768, "filename": "rgb_70.png", "license": null, "flickr_url": "", "coco_url": "", "date_captured": "0:00"}, {"id": 69, "width": 1024, "height": 768, "filename": "rgb_71.png", "license": null, "flickr_url": "", "coco_url": "", "date_captured": "0:00"}, {"id": 70, "width": 1024, "height": 768, "filename": "rgb_72.png", "license": null, "flickr_url": "", "coco_url": "", "date_captured": "0:00"}, {"id": 71, "width": 1024, "height": 768, "filename": "rgb_73.png", "license": null, "flickr_url": "", "coco_url": "", "date_captured": "0:00"}, {"id": 72, "width": 1024, "height": 768, "filename": "rgb_74.png", "license": null, "flickr_url": "", "coco_url": "", "date_captured": "0:00"}, {"id": 73, "width": 1024, "height": 768, "filename": "rgb_75.png", "license": null, "flickr_url": "", "coco_url": "", "date_captured": "0:00"}, {"id": 74, "width": 1024, "height": 768, "filename": "rgb_76.png", "license": null, "flickr_url": "", "coco_url": "", "date_captured": "0:00"}, {"id": 75, "width": 1024, "height": 768, "filename": "rgb_77.png", "license": null, "flickr_url": "", "coco_url": "", "date_captured": "0:00"}, {"id": 76, "width": 1024, "height": 768, "filename": "rgb_78.png", "license": null, "flickr_url": "", "coco_url": "", "date_captured": "0:00"}, {"id": 77, "width": 1024, "height": 768, "filename": "rgb_79.png", "license": null, "flickr_url": "", "coco_url": "", "date_captured": "0:00"}, {"id": 78, "width": 1024, "height": 768, "filename": "rgb_80.png", "license": null, "flickr_url": "", "coco_url": "", "date_captured": "0:00"}, {"id": 79, "width": 1024, "height": 768, "filename": "rgb_81.png", "license": null, "flickr_url": "", "coco_url": "", "date_captured": "0:00"}, {"id": 80, "width": 1024, "height": 768, "filename": "rgb_82.png", "license": null, "flickr_url": "", "coco_url": "", "date_captured": "0:00"}, {"id": 81, "width": 1024, "height": 768, "filename": "rgb_83.png", "license": null, "flickr_url": "", "coco_url": "", "date_captured": "0:00"}, {"id": 82, "width": 1024, "height": 768, "filename": "rgb_84.png", "license": null, "flickr_url": "", "coco_url": "", "date_captured": "0:00"}, {"id": 83, "width": 1024, "height": 768, "filename": "rgb_85.png", "license": null, "flickr_url": "", "coco_url": "", "date_captured": "0:00"}, {"id": 84, "width": 1024, "height": 768, "filename": "rgb_86.png", "license": null, "flickr_url": "", "coco_url": "", "date_captured": "0:00"}, {"id": 85, "width": 1024, "height": 768, "filename": "rgb_87.png", "license": null, "flickr_url": "", "coco_url": "", "date_captured": "0:00"}, {"id": 86, "width": 1024, "height": 768, "filename": "rgb_88.png", "license": null, "flickr_url": "", "coco_url": "", "date_captured": "0:00"}, {"id": 87, "width": 1024, "height": 768, "filename": "rgb_89.png", "license": null, "flickr_url": "", "coco_url": "", "date_captured": "0:00"}, {"id": 88, "width": 1024, "height": 768, "filename": "rgb_90.png", "license": null, "flickr_url": "", "coco_url": "", "date_captured": "0:00"}, {"id": 89, "width": 1024, "height": 768, "filename": "rgb_91.png", "license": null, "flickr_url": "", "coco_url": "", "date_captured": "0:00"}, {"id": 90, "width": 1024, "height": 768, "filename": "rgb_92.png", "license": null, "flickr_url": "", "coco_url": "", "date_captured": "0:00"}, {"id": 91, "width": 1024, "height": 768, "filename": "rgb_93.png", "license": null, "flickr_url": "", "coco_url": "", "date_captured": "0:00"}, {"id": 92, "width": 1024, "height": 768, "filename": "rgb_94.png", "license": null, "flickr_url": "", "coco_url": "", "date_captured": "0:00"}, {"id": 93, "width": 1024, "height": 768, "filename": "rgb_95.png", "license": null, "flickr_url": "", "coco_url": "", "date_captured": "0:00"}, {"id": 94, "width": 1024, "height": 768, "filename": "rgb_96.png", "license": null, "flickr_url": "", "coco_url": "", "date_captured": "0:00"}, {"id": 95, "width": 1024, "height": 768, "filename": "rgb_97.png", "license": null, "flickr_url": "", "coco_url": "", "date_captured": "0:00"}, {"id": 96, "width": 1024, "height": 768, "filename": "rgb_98.png", "license": null, "flickr_url": "", "coco_url": "", "date_captured": "0:00"}, {"id": 97, "width": 1024, "height": 768, "filename": "rgb_99.png", "license": null, "flickr_url": "", "coco_url": "", "date_captured": "0:00"}, {"id": 98, "width": 1024, "height": 768, "filename": "rgb_100.png", "license": null, "flickr_url": "", "coco_url": "", "date_captured": "0:00"}, {"id": 99, "width": 1024, "height": 768, "filename": "rgb_101.png", "license": null, "flickr_url": "", "coco_url": "", "date_captured": "0:00"}], "annotations": [{"id": 0, "image_id": 0, "category_id": 5, "bbox": [197.0, 0.0, 181.0, 209.0], "area": 37829, "segmentation": null, "iscrowd": 0}, {"id": 1, "image_id": 0, "category_id": 3, "bbox": [392.0, 159.0, 102.0, 153.0], "area": 15606, "segmentation": null, "iscrowd": 0}, {"id": 2, "image_id": 0, "category_id": 6, "bbox": [75.0, 368.0, 323.0, 144.0], "area": 46512, "segmentation": null, "iscrowd": 0}, {"id": 3, "image_id": 1, "category_id": 6, "bbox": [288.0, 0.0, 224.0, 186.0], "area": 41664, "segmentation": null, "iscrowd": 0}, {"id": 4, "image_id": 1, "category_id": 8, "bbox": [0.0, 266.0, 13.0, 32.0], "area": 416, "segmentation": null, "iscrowd": 0}, {"id": 5, "image_id": 1, "category_id": 9, "bbox": [8.0, 174.0, 325.0, 155.0], "area": 50375, "segmentation": null, "iscrowd": 0}, {"id": 6, "image_id": 1, "category_id": 6, "bbox": [465.0, 365.0, 47.0, 130.0], "area": 6110, "segmentation": null, "iscrowd": 0}, {"id": 7, "image_id": 2, "category_id": 5, "bbox": [0.0, 0.0, 127.0, 63.0], "area": 8001, "segmentation": null, "iscrowd": 0}, {"id": 8, "image_id": 2, "category_id": 4, "bbox": [228.0, 0.0, 284.0, 101.0], "area": 28684, "segmentation": null, "iscrowd": 0}, {"id": 9, "image_id": 2, "category_id": 8, "bbox": [506.0, 390.0, 6.0, 44.0], "area": 264, "segmentation": null, "iscrowd": 0}, {"id": 10, "image_id": 2, "category_id": 2, "bbox": [0.0, 393.0, 151.0, 119.0], "area": 17969, "segmentation": null, "iscrowd": 0}, {"id": 11, "image_id": 3, "category_id": 2, "bbox": [131.0, 0.0, 119.0, 82.0], "area": 9758, "segmentation": null, "iscrowd": 0}, {"id": 12, "image_id": 3, "category_id": 10, "bbox": [0.0, 117.0, 26.0, 75.0], "area": 1950, "segmentation": null, "iscrowd": 0}, {"id": 13, "image_id": 3, "category_id": 6, "bbox": [392.0, 254.0, 120.0, 64.0], "area": 7680, "segmentation": null, "iscrowd": 0}, {"id": 14, "image_id": 3, "category_id": 7, "bbox": [118.0, 209.0, 160.0, 215.0], "area": 34400, "segmentation": null, "iscrowd": 0}, {"id": 15, "image_id": 5, "category_id": 5, "bbox": [106.0, 123.0, 199.0, 326.0], "area": 64874, "segmentation": null, "iscrowd": 0}, {"id": 16, "image_id": 5, "category_id": 1, "bbox": [397.0, 107.0, 115.0, 362.0], "area": 41630, "segmentation": null, "iscrowd": 0}, {"id": 17, "image_id": 5, "category_id": 8, "bbox": [419.0, 480.0, 93.0, 32.0], "area": 2976, "segmentation": null, "iscrowd": 0}, {"id": 18, "image_id": 6, "category_id": 6, "bbox": [110.0, 0.0, 43.0, 8.0], "area": 344, "segmentation": null, "iscrowd": 0}, {"id": 19, "image_id": 6, "category_id": 8, "bbox": [404.0, 0.0, 71.0, 269.0], "area": 19099, "segmentation": null, "iscrowd": 0}, {"id": 20, "image_id": 6, "category_id": 6, "bbox": [128.0, 128.0, 80.0, 312.0], "area": 24960, "segmentation": null, "iscrowd": 0}, {"id": 21, "image_id": 6, "category_id": 4, "bbox": [70.0, 469.0, 292.0, 43.0], "area": 12556, "segmentation": null, "iscrowd": 0}, {"id": 22, "image_id": 7, "category_id": 8, "bbox": [342.0, 0.0, 73.0, 49.0], "area": 3577, "segmentation": null, "iscrowd": 0}, {"id": 23, "image_id": 7, "category_id": 4, "bbox": [121.0, 95.0, 148.0, 292.0], "area": 43216, "segmentation": null, "iscrowd": 0}, {"id": 24, "image_id": 8, "category_id": 2, "bbox": [0.0, 0.0, 178.0, 95.0], "area": 16910, "segmentation": null, "iscrowd": 0}, {"id": 25, "image_id": 8, "category_id": 10, "bbox": [414.0, 0.0, 75.0, 125.0], "area": 9375, "segmentation": null, "iscrowd": 0}, {"id": 26, "image_id": 8, "category_id": 5, "bbox": [160.0, 47.0, 179.0, 300.0], "area": 53700, "segmentation": null, "iscrowd": 0}, {"id": 27, "image_id": 9, "category_id": 6, "bbox": [381.0, 0.0, 131.0, 55.0], "area": 7205, "segmentation": null, "iscrowd": 0}, {"id": 28, "image_id": 9, "category_id": 6, "bbox": [55.0, 0.0, 117.0, 107.0], "area": 12519, "segmentation": null, "iscrowd": 0}, {"id": 29, "image_id": 9, "category_id": 2, "bbox": [389.0, 104.0, 123.0, 206.0], "area": 25338, "segmentation": null, "iscrowd": 0}, {"id": 30, "image_id": 9, "category_id": 8, "bbox": [36.0, 186.0, 75.0, 268.0], "area": 20100, "segmentation": null, "iscrowd": 0}, {"id": 31, "image_id": 9, "category_id": 3, "bbox": [281.0, 313.0, 134.0, 154.0], "area": 20636, "segmentation": null, "iscrowd": 0}, {"id": 32, "image_id": 9, "category_id": 2, "bbox": [454.0, 480.0, 58.0, 32.0], "area": 1856, "segmentation": null, "iscrowd": 0}, {"id": 33, "image_id": 10, "category_id": 6, "bbox": [280.0, 0.0, 232.0, 248.0], "area": 57536, "segmentation": null, "iscrowd": 0}, {"id": 34, "image_id": 11, "category_id": 7, "bbox": [0.0, 93.0, 172.0, 106.0], "area": 18232, "segmentation": null, "iscrowd": 0}, {"id": 35, "image_id": 11, "category_id": 7, "bbox": [351.0, 314.0, 108.0, 198.0], "area": 21384, "segmentation": null, "iscrowd": 0}, {"id": 36, "image_id": 12, "category_id": 5, "bbox": [14.0, 0.0, 91.0, 33.0], "area": 3003, "segmentation": null, "iscrowd": 0}, {"id": 37, "image_id": 12, "category_id": 7, "bbox": [33.0, 235.0, 158.0, 174.0], "area": 27492, "segmentation": null, "iscrowd": 0}, {"id": 38, "image_id": 12, "category_id": 7, "bbox": [235.0, 422.0, 166.0, 90.0], "area": 14940, "segmentation": null, "iscrowd": 0}, {"id": 39, "image_id": 12, "category_id": 8, "bbox": [0.0, 495.0, 56.0, 17.0], "area": 952, "segmentation": null, "iscrowd": 0}, {"id": 40, "image_id": 13, "category_id": 9, "bbox": [415.0, 0.0, 97.0, 188.0], "area": 18236, "segmentation": null, "iscrowd": 0}, {"id": 41, "image_id": 13, "category_id": 9, "bbox": [129.0, 0.0, 298.0, 300.0], "area": 89400, "segmentation": null, "iscrowd": 0}, {"id": 42, "image_id": 13, "category_id": 7, "bbox": [170.0, 276.0, 137.0, 233.0], "area": 31921, "segmentation": null, "iscrowd": 0}, {"id": 43, "image_id": 14, "category_id": 2, "bbox": [104.0, 0.0, 103.0, 37.0], "area": 3811, "segmentation": null, "iscrowd": 0}, {"id": 44, "image_id": 14, "category_id": 3, "bbox": [251.0, 501.0, 39.0, 11.0], "area": 429, "segmentation": null, "iscrowd": 0}, {"id": 45, "image_id": 15, "category_id": 7, "bbox": [428.0, 0.0, 84.0, 107.0], "area": 8988, "segmentation": null, "iscrowd": 0}, {"id": 46, "image_id": 15, "category_id": 3, "bbox": [0.0, 241.0, 46.0, 135.0], "area": 6210, "segmentation": null, "iscrowd": 0}, {"id": 47, "image_id": 15, "category_id": 8, "bbox": [223.0, 399.0, 72.0, 113.0], "area": 8136, "segmentation": null, "iscrowd": 0}, {"id": 48, "image_id": 16, "category_id": 5, "bbox": [0.0, 29.0, 1.0, 20.0], "area": 20, "segmentation": null, "iscrowd": 0}, {"id": 49, "image_id": 16, "category_id": 2, "bbox": [328.0, 470.0, 182.0, 42.0], "area": 7644, "segmentation": null, "iscrowd": 0}, {"id": 50, "image_id": 16, "category_id": 9, "bbox": [74.0, 284.0, 226.0, 228.0], "area": 51528, "segmentation": null, "iscrowd": 0}, {"id": 51, "image_id": 17, "category_id": 9, "bbox": [0.0, 0.0, 162.0, 188.0], "area": 30456, "segmentation": null, "iscrowd": 0}, {"id": 52, "image_id": 17, "category_id": 10, "bbox": [398.0, 350.0, 114.0, 162.0], "area": 18468, "segmentation": null, "iscrowd": 0}, {"id": 53, "image_id": 17, "category_id": 5, "bbox": [102.0, 329.0, 169.0, 183.0], "area": 30927, "segmentation": null, "iscrowd": 0}, {"id": 54, "image_id": 18, "category_id": 4, "bbox": [20.0, 0.0, 210.0, 196.0], "area": 41160, "segmentation": null, "iscrowd": 0}, {"id": 55, "image_id": 19, "category_id": 4, "bbox": [0.0, 0.0, 185.0, 178.0], "area": 32930, "segmentation": null, "iscrowd": 0}, {"id": 56, "image_id": 19, "category_id": 6, "bbox": [402.0, 154.0, 110.0, 250.0], "area": 27500, "segmentation": null, "iscrowd": 0}, {"id": 57, "image_id": 19, "category_id": 9, "bbox": [437.0, 393.0, 75.0, 119.0], "area": 8925, "segmentation": null, "iscrowd": 0}, {"id": 58, "image_id": 19, "category_id": 1, "bbox": [0.0, 329.0, 296.0, 183.0], "area": 54168, "segmentation": null, "iscrowd": 0}, {"id": 59, "image_id": 20, "category_id": 1, "bbox": [416.0, 292.0, 96.0, 153.0], "area": 14688, "segmentation": null, "iscrowd": 0}, {"id": 60, "image_id": 20, "category_id": 1, "bbox": [252.0, 297.0, 128.0, 215.0], "area": 27520, "segmentation": null, "iscrowd": 0}, {"id": 61, "image_id": 21, "category_id": 3, "bbox": [428.0, 0.0, 84.0, 69.0], "area": 5796, "segmentation": null, "iscrowd": 0}, {"id": 62, "image_id": 21, "category_id": 5, "bbox": [72.0, 0.0, 185.0, 85.0], "area": 15725, "segmentation": null, "iscrowd": 0}, {"id": 63, "image_id": 21, "category_id": 7, "bbox": [134.0, 240.0, 175.0, 165.0], "area": 28875, "segmentation": null, "iscrowd": 0}, {"id": 64, "image_id": 21, "category_id": 2, "bbox": [361.0, 426.0, 151.0, 86.0], "area": 12986, "segmentation": null, "iscrowd": 0}, {"id": 65, "image_id": 21, "category_id": 10, "bbox": [0.0, 494.0, 19.0, 18.0], "area": 342, "segmentation": null, "iscrowd": 0}, {"id": 66, "image_id": 22, "category_id": 2, "bbox": [85.0, 0.0, 123.0, 96.0], "area": 11808, "segmentation": null, "iscrowd": 0}, {"id": 67, "image_id": 22, "category_id": 9, "bbox": [398.0, 0.0, 114.0, 189.0], "area": 21546, "segmentation": null, "iscrowd": 0}, {"id": 68, "image_id": 22, "category_id": 6, "bbox": [437.0, 334.0, 75.0, 178.0], "area": 13350, "segmentation": null, "iscrowd": 0}, {"id": 69, "image_id": 22, "category_id": 2, "bbox": [122.0, 350.0, 233.0, 162.0], "area": 37746, "segmentation": null, "iscrowd": 0}, {"id": 70, "image_id": 23, "category_id": 7, "bbox": [0.0, 0.0, 174.0, 25.0], "area": 4350, "segmentation": null, "iscrowd": 0}, {"id": 71, "image_id": 23, "category_id": 7, "bbox": [0.0, 40.0, 238.0, 226.0], "area": 53788, "segmentation": null, "iscrowd": 0}, {"id": 72, "image_id": 23, "category_id": 9, "bbox": [320.0, 88.0, 192.0, 189.0], "area": 36288, "segmentation": null, "iscrowd": 0}, {"id": 73, "image_id": 23, "category_id": 3, "bbox": [0.0, 264.0, 48.0, 139.0], "area": 6672, "segmentation": null, "iscrowd": 0}, {"id": 74, "image_id": 23, "category_id": 9, "bbox": [387.0, 421.0, 125.0, 91.0], "area": 11375, "segmentation": null, "iscrowd": 0}, {"id": 75, "image_id": 24, "category_id": 3, "bbox": [206.0, 421.0, 150.0, 91.0], "area": 13650, "segmentation": null, "iscrowd": 0}, {"id": 76, "image_id": 24, "category_id": 2, "bbox": [33.0, 492.0, 82.0, 20.0], "area": 1640, "segmentation": null, "iscrowd": 0}, {"id": 77, "image_id": 25, "category_id": 1, "bbox": [0.0, 253.0, 206.0, 245.0], "area": 50470, "segmentation": null, "iscrowd": 0}, {"id": 78, "image_id": 26, "category_id": 2, "bbox": [311.0, 0.0, 89.0, 33.0], "area": 2937, "segmentation": null, "iscrowd": 0}, {"id": 79, "image_id": 26, "category_id": 6, "bbox": [0.0, 48.0, 96.0, 249.0], "area": 23904, "segmentation": null, "iscrowd": 0}, {"id": 80, "image_id": 26, "category_id": 6, "bbox": [99.0, 445.0, 223.0, 67.0], "area": 14941, "segmentation": null, "iscrowd": 0}, {"id": 81, "image_id": 27, "category_id": 6, "bbox": [479.0, 0.0, 33.0, 72.0], "area": 2376, "segmentation": null, "iscrowd": 0}, {"id": 82, "image_id": 27, "category_id": 5, "bbox": [192.0, 160.0, 305.0, 201.0], "area": 61305, "segmentation": null, "iscrowd": 0}, {"id": 83, "image_id": 27, "category_id": 5, "bbox": [0.0, 121.0, 129.0, 309.0], "area": 39861, "segmentation": null, "iscrowd": 0}, {"id": 84, "image_id": 27, "category_id": 6, "bbox": [339.0, 319.0, 173.0, 193.0], "area": 33389, "segmentation": null, "iscrowd": 0}, {"id": 85, "image_id": 27, "category_id": 3, "bbox": [123.0, 422.0, 103.0, 90.0], "area": 9270, "segmentation": null, "iscrowd": 0}, {"id": 86, "image_id": 28, "category_id": 5, "bbox": [364.0, 0.0, 148.0, 166.0], "area": 24568, "segmentation": null, "iscrowd": 0}, {"id": 87, "image_id": 28, "category_id": 10, "bbox": [231.0, 121.0, 81.0, 226.0], "area": 18306, "segmentation": null, "iscrowd": 0}, {"id": 88, "image_id": 28, "category_id": 1, "bbox": [463.0, 467.0, 49.0, 45.0], "area": 2205, "segmentation": null, "iscrowd": 0}, {"id": 89, "image_id": 29, "category_id": 5, "bbox": [170.0, 0.0, 161.0, 237.0], "area": 38157, "segmentation": null, "iscrowd": 0}, {"id": 90, "image_id": 30, "category_id": 4, "bbox": [140.0, 0.0, 227.0, 54.0], "area": 12258, "segmentation": null, "iscrowd": 0}, {"id": 91, "image_id": 30, "category_id": 7, "bbox": [0.0, 190.0, 89.0, 179.0], "area": 15931, "segmentation": null, "iscrowd": 0}, {"id": 92, "image_id": 30, "category_id": 7, "bbox": [268.0, 290.0, 196.0, 187.0], "area": 36652, "segmentation": null, "iscrowd": 0}, {"id": 93, "image_id": 30, "category_id": 2, "bbox": [36.0, 397.0, 163.0, 115.0], "area": 18745, "segmentation": null, "iscrowd": 0}, {"id": 94, "image_id": 31, "category_id": 7, "bbox": [168.0, 262.0, 147.0, 201.0], "area": 29547, "segmentation": null, "iscrowd": 0}, {"id": 95, "image_id": 31, "category_id": 4, "bbox": [419.0, 397.0, 93.0, 115.0], "area": 10695, "segmentation": null, "iscrowd": 0}, {"id": 96, "image_id": 32, "category_id": 7, "bbox": [0.0, 0.0, 169.0, 156.0], "area": 26364, "segmentation": null, "iscrowd": 0}, {"id": 97, "image_id": 32, "category_id": 5, "bbox": [180.0, 190.0, 221.0, 225.0], "area": 49725, "segmentation": null, "iscrowd": 0}, {"id": 98, "image_id": 33, "category_id": 10, "bbox": [0.0, 274.0, 110.0, 85.0], "area": 9350, "segmentation": null, "iscrowd": 0}, {"id": 99, "image_id": 33, "category_id": 4, "bbox": [443.0, 339.0, 69.0, 125.0], "area": 8625, "segmentation": null, "iscrowd": 0}, {"id": 100, "image_id": 33, "category_id": 2, "bbox": [390.0, 444.0, 122.0, 68.0], "area": 8296, "segmentation": null, "iscrowd": 0}, {"id": 101, "image_id": 33, "category_id": 6, "bbox": [35.0, 402.0, 294.0, 110.0], "area": 32340, "segmentation": null, "iscrowd": 0}, {"id": 102, "image_id": 34, "category_id": 8, "bbox": [412.0, 4.0, 100.0, 151.0], "area": 15100, "segmentation": null, "iscrowd": 0}, {"id": 103, "image_id": 34, "category_id": 9, "bbox": [0.0, 60.0, 110.0, 245.0], "area": 26950, "segmentation": null, "iscrowd": 0}, {"id": 104, "image_id": 34, "category_id": 8, "bbox": [279.0, 226.0, 168.0, 182.0], "area": 30576, "segmentation": null, "iscrowd": 0}, {"id": 105, "image_id": 35, "category_id": 3, "bbox": [366.0, 328.0, 127.0, 155.0], "area": 19685, "segmentation": null, "iscrowd": 0}, {"id": 106, "image_id": 36, "category_id": 5, "bbox": [0.0, 184.0, 165.0, 233.0], "area": 38445, "segmentation": null, "iscrowd": 0}, {"id": 107, "image_id": 36, "category_id": 6, "bbox": [136.0, 299.0, 302.0, 204.0], "area": 61608, "segmentation": null, "iscrowd": 0}, {"id": 108, "image_id": 36, "category_id": 8, "bbox": [0.0, 402.0, 64.0, 110.0], "area": 7040, "segmentation": null, "iscrowd": 0}, {"id": 109, "image_id": 37, "category_id": 2, "bbox": [464.0, 29.0, 48.0, 111.0], "area": 5328, "segmentation": null, "iscrowd": 0}, {"id": 110, "image_id": 37, "category_id": 1, "bbox": [0.0, 0.0, 317.0, 343.0], "area": 108731, "segmentation": null, "iscrowd": 0}, {"id": 111, "image_id": 37, "category_id": 5, "bbox": [449.0, 262.0, 63.0, 86.0], "area": 5418, "segmentation": null, "iscrowd": 0}, {"id": 112, "image_id": 37, "category_id": 9, "bbox": [83.0, 382.0, 249.0, 130.0], "area": 32370, "segmentation": null, "iscrowd": 0}, {"id": 113, "image_id": 38, "category_id": 3, "bbox": [180.0, 302.0, 155.0, 134.0], "area": 20770, "segmentation": null, "iscrowd": 0}, {"id": 114, "image_id": 38, "category_id": 6, "bbox": [0.0, 446.0, 150.0, 66.0], "area": 9900, "segmentation": null, "iscrowd": 0}, {"id": 115, "image_id": 39, "category_id": 1, "bbox": [261.0, 446.0, 186.0, 66.0], "area": 12276, "segmentation": null, "iscrowd": 0}, {"id": 116, "image_id": 40, "category_id": 6, "bbox": [221.0, 59.0, 264.0, 257.0], "area": 67848, "segmentation": null, "iscrowd": 0}, {"id": 117, "image_id": 41, "category_id": 9, "bbox": [365.0, 0.0, 147.0, 121.0], "area": 17787, "segmentation": null, "iscrowd": 0}, {"id": 118, "image_id": 41, "category_id": 5, "bbox": [0.0, 144.0, 64.0, 125.0], "area": 8000, "segmentation": null, "iscrowd": 0}, {"id": 119, "image_id": 41, "category_id": 8, "bbox": [163.0, 153.0, 111.0, 259.0], "area": 28749, "segmentation": null, "iscrowd": 0}, {"id": 120, "image_id": 41, "category_id": 10, "bbox": [341.0, 449.0, 90.0, 63.0], "area": 5670, "segmentation": null, "iscrowd": 0}, {"id": 121, "image_id": 42, "category_id": 9, "bbox": [195.0, 2.0, 288.0, 148.0], "area": 42624, "segmentation": null, "iscrowd": 0}, {"id": 122, "image_id": 42, "category_id": 3, "bbox": [157.0, 318.0, 119.0, 160.0], "area": 19040, "segmentation": null, "iscrowd": 0}, {"id": 123, "image_id": 42, "category_id": 2, "bbox": [280.0, 373.0, 232.0, 139.0], "area": 32248, "segmentation": null, "iscrowd": 0}, {"id": 124, "image_id": 44, "category_id": 4, "bbox": [78.0, 0.0, 34.0, 18.0], "area": 612, "segmentation": null, "iscrowd": 0}, {"id": 125, "image_id": 44, "category_id": 1, "bbox": [365.0, 10.0, 147.0, 329.0], "area": 48363, "segmentation": null, "iscrowd": 0}, {"id": 126, "image_id": 44, "category_id": 10, "bbox": [182.0, 309.0, 188.0, 171.0], "area": 32148, "segmentation": null, "iscrowd": 0}, {"id": 127, "image_id": 45, "category_id": 1, "bbox": [102.0, 0.0, 150.0, 41.0], "area": 6150, "segmentation": null, "iscrowd": 0}, {"id": 128, "image_id": 45, "category_id": 7, "bbox": [408.0, 0.0, 104.0, 107.0], "area": 11128, "segmentation": null, "iscrowd": 0}, {"id": 129, "image_id": 45, "category_id": 4, "bbox": [103.0, 25.0, 300.0, 181.0], "area": 54300, "segmentation": null, "iscrowd": 0}, {"id": 130, "image_id": 45, "category_id": 10, "bbox": [0.0, 191.0, 84.0, 93.0], "area": 7812, "segmentation": null, "iscrowd": 0}, {"id": 131, "image_id": 45, "category_id": 9, "bbox": [0.0, 407.0, 77.0, 105.0], "area": 8085, "segmentation": null, "iscrowd": 0}, {"id": 132, "image_id": 46, "category_id": 7, "bbox": [436.0, 0.0, 76.0, 98.0], "area": 7448, "segmentation": null, "iscrowd": 0}, {"id": 133, "image_id": 46, "category_id": 7, "bbox": [0.0, 261.0, 88.0, 202.0], "area": 17776, "segmentation": null, "iscrowd": 0}, {"id": 134, "image_id": 46, "category_id": 2, "bbox": [359.0, 294.0, 153.0, 218.0], "area": 33354, "segmentation": null, "iscrowd": 0}, {"id": 135, "image_id": 46, "category_id": 5, "bbox": [114.0, 269.0, 188.0, 243.0], "area": 45684, "segmentation": null, "iscrowd": 0}, {"id": 136, "image_id": 47, "category_id": 10, "bbox": [0.0, 0.0, 17.0, 128.0], "area": 2176, "segmentation": null, "iscrowd": 0}, {"id": 137, "image_id": 47, "category_id": 6, "bbox": [350.0, 291.0, 162.0, 110.0], "area": 17820, "segmentation": null, "iscrowd": 0}, {"id": 138, "image_id": 48, "category_id": 10, "bbox": [41.0, 0.0, 4.0, 1.0], "area": 4, "segmentation": null, "iscrowd": 0}, {"id": 139, "image_id": 48, "category_id": 10, "bbox": [76.0, 126.0, 100.0, 194.0], "area": 19400, "segmentation": null, "iscrowd": 0}, {"id": 140, "image_id": 48, "category_id": 6, "bbox": [416.0, 240.0, 96.0, 141.0], "area": 13536, "segmentation": null, "iscrowd": 0}, {"id": 141, "image_id": 48, "category_id": 8, "bbox": [0.0, 352.0, 143.0, 160.0], "area": 22880, "segmentation": null, "iscrowd": 0}, {"id": 142, "image_id": 49, "category_id": 2, "bbox": [119.0, 0.0, 141.0, 65.0], "area": 9165, "segmentation": null, "iscrowd": 0}, {"id": 143, "image_id": 49, "category_id": 10, "bbox": [53.0, 381.0, 171.0, 108.0], "area": 18468, "segmentation": null, "iscrowd": 0}, {"id": 144, "image_id": 50, "category_id": 3, "bbox": [0.0, 0.0, 56.0, 70.0], "area": 3920, "segmentation": null, "iscrowd": 0}, {"id": 145, "image_id": 50, "category_id": 8, "bbox": [121.0, 278.0, 265.0, 69.0], "area": 18285, "segmentation": null, "iscrowd": 0}, {"id": 146, "image_id": 50, "category_id": 2, "bbox": [404.0, 267.0, 108.0, 188.0], "area": 20304, "segmentation": null, "iscrowd": 0}, {"id": 147, "image_id": 50, "category_id": 10, "bbox": [23.0, 345.0, 87.0, 167.0], "area": 14529, "segmentation": null, "iscrowd": 0}, {"id": 148, "image_id": 51, "category_id": 5, "bbox": [306.0, 0.0, 206.0, 39.0], "area": 8034, "segmentation": null, "iscrowd": 0}, {"id": 149, "image_id": 51, "category_id": 7, "bbox": [0.0, 69.0, 195.0, 169.0], "area": 32955, "segmentation": null, "iscrowd": 0}, {"id": 150, "image_id": 51, "category_id": 2, "bbox": [367.0, 121.0, 145.0, 149.0], "area": 21605, "segmentation": null, "iscrowd": 0}, {"id": 151, "image_id": 51, "category_id": 1, "bbox": [495.0, 358.0, 17.0, 119.0], "area": 2023, "segmentation": null, "iscrowd": 0}, {"id": 152, "image_id": 52, "category_id": 10, "bbox": [213.0, 0.0, 226.0, 37.0], "area": 8362, "segmentation": null, "iscrowd": 0}, {"id": 153, "image_id": 52, "category_id": 8, "bbox": [0.0, 40.0, 87.0, 71.0], "area": 6177, "segmentation": null, "iscrowd": 0}, {"id": 154, "image_id": 52, "category_id": 6, "bbox": [320.0, 51.0, 192.0, 300.0], "area": 57600, "segmentation": null, "iscrowd": 0}, {"id": 155, "image_id": 53, "category_id": 8, "bbox": [399.0, 0.0, 113.0, 80.0], "area": 9040, "segmentation": null, "iscrowd": 0}, {"id": 156, "image_id": 53, "category_id": 3, "bbox": [438.0, 497.0, 70.0, 15.0], "area": 1050, "segmentation": null, "iscrowd": 0}, {"id": 157, "image_id": 53, "category_id": 9, "bbox": [0.0, 246.0, 222.0, 266.0], "area": 59052, "segmentation": null, "iscrowd": 0}, {"id": 158, "image_id": 54, "category_id": 8, "bbox": [407.0, 0.0, 103.0, 142.0], "area": 14626, "segmentation": null, "iscrowd": 0}, {"id": 159, "image_id": 54, "category_id": 10, "bbox": [355.0, 165.0, 76.0, 216.0], "area": 16416, "segmentation": null, "iscrowd": 0}, {"id": 160, "image_id": 54, "category_id": 2, "bbox": [0.0, 333.0, 46.0, 137.0], "area": 6302, "segmentation": null, "iscrowd": 0}, {"id": 161, "image_id": 54, "category_id": 6, "bbox": [493.0, 293.0, 19.0, 219.0], "area": 4161, "segmentation": null, "iscrowd": 0}, {"id": 162, "image_id": 54, "category_id": 1, "bbox": [49.0, 146.0, 198.0, 366.0], "area": 72468, "segmentation": null, "iscrowd": 0}, {"id": 163, "image_id": 55, "category_id": 4, "bbox": [102.0, 318.0, 138.0, 187.0], "area": 25806, "segmentation": null, "iscrowd": 0}, {"id": 164, "image_id": 55, "category_id": 4, "bbox": [0.0, 395.0, 58.0, 117.0], "area": 6786, "segmentation": null, "iscrowd": 0}, {"id": 165, "image_id": 56, "category_id": 2, "bbox": [189.0, 0.0, 105.0, 64.0], "area": 6720, "segmentation": null, "iscrowd": 0}, {"id": 166, "image_id": 56, "category_id": 6, "bbox": [183.0, 70.0, 321.0, 109.0], "area": 34989, "segmentation": null, "iscrowd": 0}, {"id": 167, "image_id": 56, "category_id": 5, "bbox": [480.0, 0.0, 32.0, 181.0], "area": 5792, "segmentation": null, "iscrowd": 0}, {"id": 168, "image_id": 56, "category_id": 9, "bbox": [424.0, 223.0, 88.0, 115.0], "area": 10120, "segmentation": null, "iscrowd": 0}, {"id": 169, "image_id": 56, "category_id": 5, "bbox": [0.0, 274.0, 153.0, 238.0], "area": 36414, "segmentation": null, "iscrowd": 0}, {"id": 170, "image_id": 56, "category_id": 4, "bbox": [0.0, 463.0, 301.0, 49.0], "area": 14749, "segmentation": null, "iscrowd": 0}, {"id": 171, "image_id": 57, "category_id": 8, "bbox": [0.0, 0.0, 122.0, 84.0], "area": 10248, "segmentation": null, "iscrowd": 0}, {"id": 172, "image_id": 57, "category_id": 4, "bbox": [166.0, 206.0, 303.0, 199.0], "area": 60297, "segmentation": null, "iscrowd": 0}, {"id": 173, "image_id": 58, "category_id": 5, "bbox": [0.0, 0.0, 133.0, 150.0], "area": 19950, "segmentation": null, "iscrowd": 0}, {"id": 174, "image_id": 59, "category_id": 2, "bbox": [0.0, 0.0, 140.0, 151.0], "area": 21140, "segmentation": null, "iscrowd": 0}, {"id": 175, "image_id": 59, "category_id": 5, "bbox": [487.0, 6.0, 25.0, 178.0], "area": 4450, "segmentation": null, "iscrowd": 0}, {"id": 176, "image_id": 59, "category_id": 8, "bbox": [0.0, 390.0, 56.0, 116.0], "area": 6496, "segmentation": null, "iscrowd": 0}, {"id": 177, "image_id": 59, "category_id": 6, "bbox": [234.0, 264.0, 261.0, 248.0], "area": 64728, "segmentation": null, "iscrowd": 0}, {"id": 178, "image_id": 60, "category_id": 1, "bbox": [0.0, 0.0, 198.0, 305.0], "area": 60390, "segmentation": null, "iscrowd": 0}, {"id": 179, "image_id": 60, "category_id": 8, "bbox": [301.0, 55.0, 76.0, 259.0], "area": 19684, "segmentation": null, "iscrowd": 0}, {"id": 180, "image_id": 60, "category_id": 4, "bbox": [372.0, 461.0, 140.0, 51.0], "area": 7140, "segmentation": null, "iscrowd": 0}, {"id": 181, "image_id": 60, "category_id": 5, "bbox": [225.0, 271.0, 261.0, 241.0], "area": 62901, "segmentation": null, "iscrowd": 0}, {"id": 182, "image_id": 61, "category_id": 7, "bbox": [258.0, 0.0, 185.0, 124.0], "area": 22940, "segmentation": null, "iscrowd": 0}, {"id": 183, "image_id": 61, "category_id": 1, "bbox": [0.0, 0.0, 205.0, 228.0], "area": 46740, "segmentation": null, "iscrowd": 0}, {"id": 184, "image_id": 61, "category_id": 7, "bbox": [29.0, 341.0, 232.0, 92.0], "area": 21344, "segmentation": null, "iscrowd": 0}, {"id": 185, "image_id": 61, "category_id": 5, "bbox": [0.0, 423.0, 1.0, 24.0], "area": 24, "segmentation": null, "iscrowd": 0}, {"id": 186, "image_id": 61, "category_id": 4, "bbox": [249.0, 256.0, 263.0, 256.0], "area": 67328, "segmentation": null, "iscrowd": 0}, {"id": 187, "image_id": 62, "category_id": 1, "bbox": [83.0, 151.0, 221.0, 359.0], "area": 79339, "segmentation": null, "iscrowd": 0}, {"id": 188, "image_id": 62, "category_id": 9, "bbox": [425.0, 476.0, 87.0, 36.0], "area": 3132, "segmentation": null, "iscrowd": 0}, {"id": 189, "image_id": 63, "category_id": 2, "bbox": [161.0, 13.0, 321.0, 177.0], "area": 56817, "segmentation": null, "iscrowd": 0}, {"id": 190, "image_id": 63, "category_id": 5, "bbox": [0.0, 84.0, 109.0, 234.0], "area": 25506, "segmentation": null, "iscrowd": 0}, {"id": 191, "image_id": 63, "category_id": 6, "bbox": [43.0, 177.0, 244.0, 243.0], "area": 59292, "segmentation": null, "iscrowd": 0}, {"id": 192, "image_id": 63, "category_id": 1, "bbox": [403.0, 132.0, 109.0, 380.0], "area": 41420, "segmentation": null, "iscrowd": 0}, {"id": 193, "image_id": 63, "category_id": 6, "bbox": [230.0, 477.0, 64.0, 35.0], "area": 2240, "segmentation": null, "iscrowd": 0}, {"id": 194, "image_id": 63, "category_id": 7, "bbox": [25.0, 494.0, 84.0, 18.0], "area": 1512, "segmentation": null, "iscrowd": 0}, {"id": 195, "image_id": 64, "category_id": 3, "bbox": [406.0, 0.0, 93.0, 34.0], "area": 3162, "segmentation": null, "iscrowd": 0}, {"id": 196, "image_id": 64, "category_id": 8, "bbox": [197.0, 0.0, 72.0, 48.0], "area": 3456, "segmentation": null, "iscrowd": 0}, {"id": 197, "image_id": 64, "category_id": 6, "bbox": [0.0, 0.0, 249.0, 212.0], "area": 52788, "segmentation": null, "iscrowd": 0}, {"id": 198, "image_id": 64, "category_id": 6, "bbox": [293.0, 6.0, 219.0, 309.0], "area": 67671, "segmentation": null, "iscrowd": 0}, {"id": 199, "image_id": 64, "category_id": 7, "bbox": [0.0, 225.0, 192.0, 225.0], "area": 43200, "segmentation": null, "iscrowd": 0}, {"id": 200, "image_id": 64, "category_id": 1, "bbox": [69.0, 387.0, 213.0, 125.0], "area": 26625, "segmentation": null, "iscrowd": 0}, {"id": 201, "image_id": 65, "category_id": 9, "bbox": [323.0, 350.0, 189.0, 162.0], "area": 30618, "segmentation": null, "iscrowd": 0}, {"id": 202, "image_id": 66, "category_id": 10, "bbox": [54.0, 0.0, 191.0, 154.0], "area": 29414, "segmentation": null, "iscrowd": 0}, {"id": 203, "image_id": 66, "category_id": 4, "bbox": [328.0, 0.0, 184.0, 166.0], "area": 30544, "segmentation": null, "iscrowd": 0}, {"id": 204, "image_id": 66, "category_id": 10, "bbox": [163.0, 255.0, 132.0, 180.0], "area": 23760, "segmentation": null, "iscrowd": 0}, {"id": 205, "image_id": 67, "category_id": 8, "bbox": [144.0, 0.0, 95.0, 87.0], "area": 8265, "segmentation": null, "iscrowd": 0}, {"id": 206, "image_id": 67, "category_id": 9, "bbox": [0.0, 0.0, 29.0, 184.0], "area": 5336, "segmentation": null, "iscrowd": 0}, {"id": 207, "image_id": 67, "category_id": 2, "bbox": [143.0, 400.0, 294.0, 112.0], "area": 32928, "segmentation": null, "iscrowd": 0}, {"id": 208, "image_id": 68, "category_id": 6, "bbox": [364.0, 0.0, 148.0, 127.0], "area": 18796, "segmentation": null, "iscrowd": 0}, {"id": 209, "image_id": 68, "category_id": 3, "bbox": [461.0, 424.0, 51.0, 88.0], "area": 4488, "segmentation": null, "iscrowd": 0}, {"id": 210, "image_id": 69, "category_id": 1, "bbox": [3.0, 0.0, 84.0, 43.0], "area": 3612, "segmentation": null, "iscrowd": 0}, {"id": 211, "image_id": 69, "category_id": 6, "bbox": [357.0, 0.0, 155.0, 52.0], "area": 8060, "segmentation": null, "iscrowd": 0}, {"id": 212, "image_id": 69, "category_id": 3, "bbox": [106.0, 377.0, 139.0, 135.0], "area": 18765, "segmentation": null, "iscrowd": 0}, {"id": 213, "image_id": 70, "category_id": 2, "bbox": [0.0, 0.0, 127.0, 64.0], "area": 8128, "segmentation": null, "iscrowd": 0}, {"id": 214, "image_id": 70, "category_id": 5, "bbox": [200.0, 0.0, 171.0, 142.0], "area": 24282, "segmentation": null, "iscrowd": 0}, {"id": 215, "image_id": 70, "category_id": 1, "bbox": [414.0, 204.0, 98.0, 308.0], "area": 30184, "segmentation": null, "iscrowd": 0}, {"id": 216, "image_id": 70, "category_id": 1, "bbox": [64.0, 381.0, 149.0, 131.0], "area": 19519, "segmentation": null, "iscrowd": 0}, {"id": 217, "image_id": 71, "category_id": 7, "bbox": [418.0, 0.0, 94.0, 27.0], "area": 2538, "segmentation": null, "iscrowd": 0}, {"id": 218, "image_id": 71, "category_id": 7, "bbox": [0.0, 0.0, 96.0, 67.0], "area": 6432, "segmentation": null, "iscrowd": 0}, {"id": 219, "image_id": 71, "category_id": 8, "bbox": [82.0, 114.0, 87.0, 263.0], "area": 22881, "segmentation": null, "iscrowd": 0}, {"id": 220, "image_id": 71, "category_id": 6, "bbox": [0.0, 345.0, 132.0, 167.0], "area": 22044, "segmentation": null, "iscrowd": 0}, {"id": 221, "image_id": 72, "category_id": 2, "bbox": [500.0, 7.0, 12.0, 79.0], "area": 948, "segmentation": null, "iscrowd": 0}, {"id": 222, "image_id": 72, "category_id": 7, "bbox": [244.0, 0.0, 181.0, 111.0], "area": 20091, "segmentation": null, "iscrowd": 0}, {"id": 223, "image_id": 72, "category_id": 9, "bbox": [0.0, 8.0, 196.0, 303.0], "area": 59388, "segmentation": null, "iscrowd": 0}, {"id": 224, "image_id": 72, "category_id": 6, "bbox": [284.0, 299.0, 228.0, 213.0], "area": 48564, "segmentation": null, "iscrowd": 0}, {"id": 225, "image_id": 72, "category_id": 1, "bbox": [0.0, 261.0, 313.0, 251.0], "area": 78563, "segmentation": null, "iscrowd": 0}, {"id": 226, "image_id": 73, "category_id": 4, "bbox": [186.0, 0.0, 83.0, 62.0], "area": 5146, "segmentation": null, "iscrowd": 0}, {"id": 227, "image_id": 73, "category_id": 8, "bbox": [0.0, 62.0, 259.0, 168.0], "area": 43512, "segmentation": null, "iscrowd": 0}, {"id": 228, "image_id": 73, "category_id": 5, "bbox": [272.0, 59.0, 225.0, 305.0], "area": 68625, "segmentation": null, "iscrowd": 0}, {"id": 229, "image_id": 73, "category_id": 10, "bbox": [214.0, 353.0, 207.0, 159.0], "area": 32913, "segmentation": null, "iscrowd": 0}, {"id": 230, "image_id": 74, "category_id": 8, "bbox": [473.0, 2.0, 39.0, 132.0], "area": 5148, "segmentation": null, "iscrowd": 0}, {"id": 231, "image_id": 74, "category_id": 10, "bbox": [0.0, 71.0, 70.0, 69.0], "area": 4830, "segmentation": null, "iscrowd": 0}, {"id": 232, "image_id": 75, "category_id": 8, "bbox": [0.0, 200.0, 260.0, 95.0], "area": 24700, "segmentation": null, "iscrowd": 0}, {"id": 233, "image_id": 75, "category_id": 1, "bbox": [0.0, 482.0, 94.0, 30.0], "area": 2820, "segmentation": null, "iscrowd": 0}, {"id": 234, "image_id": 76, "category_id": 6, "bbox": [0.0, 0.0, 31.0, 61.0], "area": 1891, "segmentation": null, "iscrowd": 0}, {"id": 235, "image_id": 76, "category_id": 3, "bbox": [511.0, 128.0, 1.0, 1.0], "area": 1, "segmentation": null, "iscrowd": 0}, {"id": 236, "image_id": 76, "category_id": 8, "bbox": [0.0, 255.0, 125.0, 111.0], "area": 13875, "segmentation": null, "iscrowd": 0}, {"id": 237, "image_id": 76, "category_id": 4, "bbox": [435.0, 258.0, 77.0, 254.0], "area": 19558, "segmentation": null, "iscrowd": 0}, {"id": 238, "image_id": 77, "category_id": 4, "bbox": [429.0, 0.0, 83.0, 67.0], "area": 5561, "segmentation": null, "iscrowd": 0}, {"id": 239, "image_id": 77, "category_id": 8, "bbox": [506.0, 280.0, 6.0, 47.0], "area": 282, "segmentation": null, "iscrowd": 0}, {"id": 240, "image_id": 77, "category_id": 2, "bbox": [64.0, 58.0, 154.0, 287.0], "area": 44198, "segmentation": null, "iscrowd": 0}, {"id": 241, "image_id": 77, "category_id": 8, "bbox": [37.0, 289.0, 96.0, 223.0], "area": 21408, "segmentation": null, "iscrowd": 0}, {"id": 242, "image_id": 78, "category_id": 2, "bbox": [61.0, 237.0, 172.0, 165.0], "area": 28380, "segmentation": null, "iscrowd": 0}, {"id": 243, "image_id": 78, "category_id": 5, "bbox": [238.0, 334.0, 248.0, 178.0], "area": 44144, "segmentation": null, "iscrowd": 0}, {"id": 244, "image_id": 79, "category_id": 6, "bbox": [20.0, 0.0, 227.0, 130.0], "area": 29510, "segmentation": null, "iscrowd": 0}, {"id": 245, "image_id": 79, "category_id": 8, "bbox": [270.0, 0.0, 127.0, 228.0], "area": 28956, "segmentation": null, "iscrowd": 0}, {"id": 246, "image_id": 79, "category_id": 10, "bbox": [366.0, 296.0, 118.0, 216.0], "area": 25488, "segmentation": null, "iscrowd": 0}, {"id": 247, "image_id": 81, "category_id": 2, "bbox": [252.0, 230.0, 260.0, 175.0], "area": 45500, "segmentation": null, "iscrowd": 0}, {"id": 248, "image_id": 81, "category_id": 6, "bbox": [360.0, 471.0, 101.0, 41.0], "area": 4141, "segmentation": null, "iscrowd": 0}, {"id": 249, "image_id": 81, "category_id": 5, "bbox": [0.0, 389.0, 119.0, 123.0], "area": 14637, "segmentation": null, "iscrowd": 0}, {"id": 250, "image_id": 82, "category_id": 7, "bbox": [433.0, 14.0, 79.0, 128.0], "area": 10112, "segmentation": null, "iscrowd": 0}, {"id": 251, "image_id": 82, "category_id": 4, "bbox": [0.0, 26.0, 73.0, 304.0], "area": 22192, "segmentation": null, "iscrowd": 0}, {"id": 252, "image_id": 82, "category_id": 7, "bbox": [0.0, 336.0, 210.0, 176.0], "area": 36960, "segmentation": null, "iscrowd": 0}, {"id": 253, "image_id": 83, "category_id": 7, "bbox": [337.0, 20.0, 175.0, 177.0], "area": 30975, "segmentation": null, "iscrowd": 0}, {"id": 254, "image_id": 83, "category_id": 4, "bbox": [443.0, 345.0, 69.0, 119.0], "area": 8211, "segmentation": null, "iscrowd": 0}, {"id": 255, "image_id": 83, "category_id": 4, "bbox": [201.0, 357.0, 128.0, 155.0], "area": 19840, "segmentation": null, "iscrowd": 0}, {"id": 256, "image_id": 83, "category_id": 4, "bbox": [0.0, 375.0, 102.0, 137.0], "area": 13974, "segmentation": null, "iscrowd": 0}, {"id": 257, "image_id": 84, "category_id": 9, "bbox": [0.0, 0.0, 153.0, 244.0], "area": 37332, "segmentation": null, "iscrowd": 0}, {"id": 258, "image_id": 85, "category_id": 2, "bbox": [63.0, 0.0, 207.0, 73.0], "area": 15111, "segmentation": null, "iscrowd": 0}, {"id": 259, "image_id": 85, "category_id": 2, "bbox": [0.0, 124.0, 176.0, 152.0], "area": 26752, "segmentation": null, "iscrowd": 0}, {"id": 260, "image_id": 85, "category_id": 7, "bbox": [495.0, 467.0, 17.0, 45.0], "area": 765, "segmentation": null, "iscrowd": 0}, {"id": 261, "image_id": 86, "category_id": 6, "bbox": [442.0, 30.0, 70.0, 92.0], "area": 6440, "segmentation": null, "iscrowd": 0}, {"id": 262, "image_id": 86, "category_id": 4, "bbox": [0.0, 39.0, 183.0, 107.0], "area": 19581, "segmentation": null, "iscrowd": 0}, {"id": 263, "image_id": 86, "category_id": 8, "bbox": [240.0, 0.0, 89.0, 172.0], "area": 15308, "segmentation": null, "iscrowd": 0}, {"id": 264, "image_id": 86, "category_id": 7, "bbox": [192.0, 212.0, 81.0, 187.0], "area": 15147, "segmentation": null, "iscrowd": 0}, {"id": 265, "image_id": 86, "category_id": 2, "bbox": [374.0, 272.0, 138.0, 136.0], "area": 18768, "segmentation": null, "iscrowd": 0}, {"id": 266, "image_id": 86, "category_id": 10, "bbox": [300.0, 467.0, 71.0, 45.0], "area": 3195, "segmentation": null, "iscrowd": 0}, {"id": 267, "image_id": 87, "category_id": 7, "bbox": [138.0, 0.0, 48.0, 12.0], "area": 576, "segmentation": null, "iscrowd": 0}, {"id": 268, "image_id": 87, "category_id": 4, "bbox": [435.0, 281.0, 77.0, 106.0], "area": 8162, "segmentation": null, "iscrowd": 0}, {"id": 269, "image_id": 87, "category_id": 8, "bbox": [257.0, 161.0, 59.0, 259.0], "area": 15281, "segmentation": null, "iscrowd": 0}, {"id": 270, "image_id": 88, "category_id": 10, "bbox": [409.0, 123.0, 103.0, 127.0], "area": 13081, "segmentation": null, "iscrowd": 0}, {"id": 271, "image_id": 88, "category_id": 3, "bbox": [103.0, 155.0, 130.0, 126.0], "area": 16380, "segmentation": null, "iscrowd": 0}, {"id": 272, "image_id": 88, "category_id": 8, "bbox": [468.0, 341.0, 44.0, 64.0], "area": 2816, "segmentation": null, "iscrowd": 0}, {"id": 273, "image_id": 88, "category_id": 5, "bbox": [219.0, 282.0, 152.0, 230.0], "area": 34960, "segmentation": null, "iscrowd": 0}, {"id": 274, "image_id": 89, "category_id": 4, "bbox": [340.0, 0.0, 119.0, 65.0], "area": 7735, "segmentation": null, "iscrowd": 0}, {"id": 275, "image_id": 89, "category_id": 3, "bbox": [55.0, 47.0, 123.0, 157.0], "area": 19311, "segmentation": null, "iscrowd": 0}, {"id": 276, "image_id": 89, "category_id": 1, "bbox": [25.0, 260.0, 360.0, 252.0], "area": 90720, "segmentation": null, "iscrowd": 0}, {"id": 277, "image_id": 90, "category_id": 10, "bbox": [150.0, 0.0, 94.0, 95.0], "area": 8930, "segmentation": null, "iscrowd": 0}, {"id": 278, "image_id": 90, "category_id": 8, "bbox": [376.0, 464.0, 136.0, 48.0], "area": 6528, "segmentation": null, "iscrowd": 0}, {"id": 279, "image_id": 91, "category_id": 7, "bbox": [0.0, 0.0, 143.0, 105.0], "area": 15015, "segmentation": null, "iscrowd": 0}, {"id": 280, "image_id": 91, "category_id": 5, "bbox": [429.0, 9.0, 83.0, 271.0], "area": 22493, "segmentation": null, "iscrowd": 0}, {"id": 281, "image_id": 91, "category_id": 7, "bbox": [107.0, 114.0, 154.0, 181.0], "area": 27874, "segmentation": null, "iscrowd": 0}, {"id": 282, "image_id": 92, "category_id": 5, "bbox": [91.0, 0.0, 146.0, 174.0], "area": 25404, "segmentation": null, "iscrowd": 0}, {"id": 283, "image_id": 92, "category_id": 8, "bbox": [0.0, 97.0, 52.0, 252.0], "area": 13104, "segmentation": null, "iscrowd": 0}, {"id": 284, "image_id": 92, "category_id": 10, "bbox": [446.0, 182.0, 66.0, 228.0], "area": 15048, "segmentation": null, "iscrowd": 0}, {"id": 285, "image_id": 92, "category_id": 6, "bbox": [27.0, 231.0, 273.0, 281.0], "area": 76713, "segmentation": null, "iscrowd": 0}, {"id": 286, "image_id": 93, "category_id": 6, "bbox": [241.0, 371.0, 196.0, 141.0], "area": 27636, "segmentation": null, "iscrowd": 0}, {"id": 287, "image_id": 94, "category_id": 2, "bbox": [227.0, 1.0, 268.0, 300.0], "area": 80400, "segmentation": null, "iscrowd": 0}, {"id": 288, "image_id": 94, "category_id": 1, "bbox": [27.0, 69.0, 269.0, 369.0], "area": 99261, "segmentation": null, "iscrowd": 0}, {"id": 289, "image_id": 94, "category_id": 2, "bbox": [430.0, 396.0, 82.0, 116.0], "area": 9512, "segmentation": null, "iscrowd": 0}, {"id": 290, "image_id": 94, "category_id": 9, "bbox": [168.0, 463.0, 197.0, 49.0], "area": 9653, "segmentation": null, "iscrowd": 0}, {"id": 291, "image_id": 95, "category_id": 6, "bbox": [0.0, 45.0, 305.0, 117.0], "area": 35685, "segmentation": null, "iscrowd": 0}, {"id": 292, "image_id": 95, "category_id": 10, "bbox": [0.0, 251.0, 55.0, 217.0], "area": 11935, "segmentation": null, "iscrowd": 0}, {"id": 293, "image_id": 95, "category_id": 7, "bbox": [372.0, 427.0, 140.0, 85.0], "area": 11900, "segmentation": null, "iscrowd": 0}, {"id": 294, "image_id": 95, "category_id": 2, "bbox": [111.0, 409.0, 252.0, 103.0], "area": 25956, "segmentation": null, "iscrowd": 0}, {"id": 295, "image_id": 96, "category_id": 2, "bbox": [295.0, 60.0, 217.0, 168.0], "area": 36456, "segmentation": null, "iscrowd": 0}, {"id": 296, "image_id": 96, "category_id": 8, "bbox": [0.0, 128.0, 113.0, 259.0], "area": 29267, "segmentation": null, "iscrowd": 0}, {"id": 297, "image_id": 96, "category_id": 6, "bbox": [0.0, 447.0, 63.0, 65.0], "area": 4095, "segmentation": null, "iscrowd": 0}, {"id": 298, "image_id": 97, "category_id": 7, "bbox": [151.0, 0.0, 124.0, 27.0], "area": 3348, "segmentation": null, "iscrowd": 0}, {"id": 299, "image_id": 97, "category_id": 10, "bbox": [463.0, 0.0, 49.0, 157.0], "area": 7693, "segmentation": null, "iscrowd": 0}, {"id": 300, "image_id": 97, "category_id": 4, "bbox": [70.0, 68.0, 286.0, 240.0], "area": 68640, "segmentation": null, "iscrowd": 0}, {"id": 301, "image_id": 98, "category_id": 2, "bbox": [95.0, 52.0, 221.0, 230.0], "area": 50830, "segmentation": null, "iscrowd": 0}, {"id": 302, "image_id": 98, "category_id": 9, "bbox": [421.0, 477.0, 91.0, 35.0], "area": 3185, "segmentation": null, "iscrowd": 0}, {"id": 303, "image_id": 98, "category_id": 4, "bbox": [220.0, 269.0, 152.0, 243.0], "area": 36936, "segmentation": null, "iscrowd": 0}, {"id": 304, "image_id": 99, "category_id": 9, "bbox": [159.0, 0.0, 94.0, 69.0], "area": 6486, "segmentation": null, "iscrowd": 0}, {"id": 305, "image_id": 99, "category_id": 1, "bbox": [0.0, 0.0, 82.0, 156.0], "area": 12792, "segmentation": null, "iscrowd": 0}, {"id": 306, "image_id": 99, "category_id": 10, "bbox": [338.0, 275.0, 160.0, 193.0], "area": 30880, "segmentation": null, "iscrowd": 0}]}